"Influent (NTU)","Effluent (NTU)","pC*","Dose (mg/L)","G (Hz)","theta (s)","phi","Gamma","Composite Parameter"
15,16.02216,-0.0286298053046169,0,54.3495445346353,797.333333333333,8.32408435072142e-06,0,0
15,14.428036,0.0168840417815596,0.27,54.3495445346353,797.333333333333,9.02665566341576e-06,0.0336844495262604,1.24433241610256
15,13.599184,0.0425784091361394,0.324,54.3495445346353,797.333333333333,9.16716992595462e-06,0.0402839404451746,1.49848056343101
15,13.628084,0.0416564572722534,0.389,54.3495445346353,797.333333333333,9.33630746419585e-06,0.0481680214082995,1.80642733424766
15,14.202616,0.0237229139876266,0.467,54.3495445346353,797.333333333333,9.53927251008533e-06,0.0575434719193442,2.1786796142332
15,12.616584,0.0751494755240438,0.56,54.3495445346353,797.333333333333,9.78126929556893e-06,0.0686012765476202,2.62605274084547
15,10.699936,0.146710079027478,0.672,54.3495445346353,797.333333333333,1.00727062845384e-05,0.081746132801956,3.16937218339993
15,7.991428,0.273466868088738,0.806,54.3495445346353,797.333333333333,1.04213898249127e-05,0.0972294873121942,3.82505189905561
15,7.152172,0.32165330895117,0.968,54.3495445346353,797.333333333333,1.08429326125293e-05,0.115599974725054,4.62449707583443
15,3.378988,0.647304609613735,1.161,54.3495445346353,797.333333333333,1.13451409953071e-05,0.136998472241617,5.58433370955669
15,3.143164,0.678724217383671,1.393,54.3495445346353,797.333333333333,1.19488319010296e-05,0.162036889013118,6.74533439201114
15,1.927052,0.891197825143166,1.672,54.3495445346353,797.333333333333,1.26748222574804e-05,0.191187537248114,8.14673398073898
15,2.96514,0.704046055523336,2.007,54.3495445346353,797.333333333333,1.3546531108416e-05,0.224852532461865,9.82924399340003
15,1.95942,0.88396372243207,2.408,54.3495445346353,797.333333333333,1.45899796135657e-05,0.263312594825959,11.8322019576546
15,0.966416,1.19092714753215,2.889,54.3495445346353,797.333333333333,1.58415973965508e-05,0.306936602966681,14.2044268173703
15,1.57216,0.979594516600954,3.467,54.3495445346353,797.333333333333,1.73456204289113e-05,0.355954526098905,16.9930264713027
15,1.087796,1.13954380154391,4.161,54.3495445346353,797.333333333333,1.9151488914133e-05,0.410251601679234,20.2309467282904
