"Influent (NTU)","Effluent (NTU)","pC*","Dose (mg/L)","G (Hz)","theta (s)","phi","Gamma","Composite Parameter"
15,13.59648667052,0.0426645577975989,0,54.3495445346353,1200,8.32408435072142e-06,0,0
15,11.237765,0.12541131300799,0.27,54.3495445346353,1200,9.02665566341576e-06,0.0336844495262604,1.87274109446873
15,9.885245,0.181103821538565,0.324,54.3495445346353,1200,9.16716992595462e-06,0.0402839404451746,2.25523830616708
15,7.752136,0.28666987587837,0.389,54.3495445346353,1200,9.33630746419585e-06,0.0481680214082995,2.71870334585768
15,6.89843,0.337340997292379,0.467,54.3495445346353,1200,9.53927251008533e-06,0.0575434719193442,3.27894925219044
15,5.395919,0.444025837351046,0.56,54.3495445346353,1200,9.78126929556893e-06,0.0686012765476202,3.95225328889786
15,4.798267,0.495006848395858,0.672,54.3495445346353,1200,1.00727062845384e-05,0.081746132801956,4.76995813555173
15,3.526667,0.628726805027551,0.806,54.3495445346353,1200,1.04213898249127e-05,0.0972294873121942,5.75676707215727
15,2.882678667052,0.716295024889427,0.968,54.3495445346353,1200,1.08429326125293e-05,0.115599974725054,6.95994543185784
15,2.455729332948,0.785910761279114,1.161,54.3495445346353,1200,1.13451409953071e-05,0.136998472241617,8.40451561638966
15,2.370378,0.801273651347668,1.393,54.3495445346353,1200,1.19488319010296e-05,0.162036889013118,10.1518410582108
15,1.882546,0.901345662070279,1.672,54.3495445346353,1200,1.26748222574804e-05,0.191187537248114,12.2609708740219
15,1.654814,0.957342072613554,2.007,54.3495445346353,1200,1.3546531108416e-05,0.224852532461865,14.7931765786957
15,1.675044,0.952065039499996,2.408,54.3495445346353,1200,1.45899796135657e-05,0.263312594825959,17.8076618091792
15,1.036932,1.16034098192708,2.889,54.3495445346353,1200,1.58415973965508e-05,0.306936602966681,21.3778998923634
15,0.867,1.23807216157947,3.467,54.3495445346353,1200,1.73456204289113e-05,0.355954526098905,25.5747890036329
15,1.032886,1.16203886812951,4.161,54.3495445346353,1200,1.9151488914133e-05,0.410251601679234,30.4479131362231
15,1.226516,1.08741804106983,4.993,54.3495445346353,1200,2.13164494036207e-05,0.469346360648158,36.0211397135177
15,1.064676,1.14887379477432,5.992,54.3495445346353,1200,2.39159632605898e-05,0.532532599079802,42.3074711941995
