"Influent (NTU)","Effluent (NTU)","pC*","Dose (mg/L)","G (Hz)","theta (s)","phi","Gamma","Composite Parameter"
500,606.985544,-0.0842083436819236,0,54.3495445346353,1200,0.000277469478357381,0,0
500,276.285156,0.257612452175449,0.27,54.3495445346353,1200,0.000278172049670075,0.0159815771702581,8.81220960760029
500,221.080376,0.354419809804125,0.324,54.3495445346353,1200,0.000278312563932614,0.0191471117396136,10.5443834615511
500,207.712392,0.381507597272852,0.389,54.3495445346353,1200,0.000278481701470855,0.0229439741609534,12.6162189928448
500,162.511636,0.488085541976997,0.467,54.3495445346353,1200,0.000278684666516745,0.027480813270909,15.0835426326917
500,115.378048,0.636846817174459,0.56,54.3495445346353,1200,0.000278926663302228,0.0328625970482939,17.99867025033
500,135.455456,0.567173501700151,0.672,54.3495445346353,1200,0.000279218100291198,0.0393043696344412,21.4712444634703
500,94.985052,0.721314739517756,0.806,54.3495445346353,1200,0.000279566783831572,0.0469551387405192,25.5718932260926
500,53.206056,0.973008937121867,0.968,54.3495445346353,1200,0.000279988326619189,0.0561232648570453,30.4519719392489
500,65.135976,0.885149079320798,1.161,54.3495445346353,1200,0.000280490535001966,0.0669307302483495,36.1572680686672
500,27.608748,1.25792329161272,1.393,54.3495445346353,1200,0.000281094225907689,0.079758432760318,42.862508365583
500,32.357596,1.18899375600385,1.672,54.3495445346353,1200,0.00028182021626414,0.0949515058543466,50.7107238308962
500,33.508972,1.17380889973487,2.007,54.3495445346353,1200,0.000282691925115075,0.112863043036502,59.8330671253298
500,26.745216,1.27172389463707,2.408,54.3495445346353,1200,0.000283735373620225,0.133837910000059,70.3365915994006
500,29.730008,1.22577497826746,2.889,54.3495445346353,1200,0.00028498699140321,0.158344134400316,82.3640398712414
500,25.757992,1.28805800035749,3.467,54.3495445346353,1200,0.000286491014435571,0.186876931068304,96.0360160365099
500,32.569144,1.18616365998551,4.161,54.3495445346353,1200,0.000288296882920792,0.219860997603469,111.396760811192
