"Influent (NTU)","Effluent (NTU)","pC*","Dose (mg/L)","G (Hz)","theta (s)","phi","Gamma","Composite Parameter"
5,4.249456,0.0706366675374349,0,54.3495445346353,797.333333333333,2.77469478357381e-06,0,0
5,4.249456,0.0706366675374349,0.27,54.3495445346353,797.333333333333,3.47726609626814e-06,0.0344717159738138,0.673912193046194
5,4.239052,0.0717012602909059,0.324,54.3495445346353,797.333333333333,3.61778035880701e-06,0.04122213172262,0.824605566871162
5,4.210152,0.0746722287926074,0.389,54.3495445346353,797.333333333333,3.78691789704824e-06,0.0492850670330496,1.01220602007891
5,4.348872,0.0605933790371485,0.467,54.3495445346353,797.333333333333,3.98988294293771e-06,0.0588711357033301,1.24575521518186
5,4.451756,0.0504386516287774,0.56,54.3495445346353,797.333333333333,4.23187972842132e-06,0.0701744355545677,1.53540054496282
5,4.648276,0.0316780971485975,0.672,54.3495445346353,797.333333333333,4.52331671739082e-06,0.0836069666708136,1.89904043427028
5,4.206684,0.0750301146652732,0.806,54.3495445346353,797.333333333333,4.87200025776505e-06,0.0994233031430494,2.35331981852334
5,3.419448,0.165014000590635,0.968,54.3495445346353,797.333333333333,5.29354304538165e-06,0.118180485754604,2.9272323811467
5,3.518864,0.152567522152973,1.161,54.3495445346353,797.333333333333,5.79575142815945e-06,0.140017721423308,3.64139235204552
5,2.56054,0.29063843969242,1.393,54.3495445346353,797.333333333333,6.39944233388199e-06,0.165553134699455,4.53634902363848
5,2.001036,0.397715102376115,1.672,54.3495445346353,797.333333333333,7.1254326903328e-06,0.195259507163712,5.65462239617869
5,0.99416,0.701513719007941,2.007,54.3495445346353,797.333333333333,7.99714154126837e-06,0.229534547130256,7.04251642107365
