"Influent (NTU)","Effluent (NTU)","pC*","Dose (mg/L)","G (Hz)","theta (s)","phi","Gamma","Composite Parameter"
500,376.02368,0.123754808957545,0,54.3495445346353,797.333333333333,0.000277469478357381,0,0
500,200.782172,0.396244856349873,0.27,54.3495445346353,797.333333333333,0.000278172049670075,0.0159815771702581,5.85522371704997
500,163.517356,0.485406148165486,0.324,54.3495445346353,797.333333333333,0.000278312563932614,0.0191471117396136,7.00615701111953
500,169.74704,0.469167794419559,0.389,54.3495445346353,797.333333333333,0.000278481701470855,0.0229439741609534,8.38277661969024
500,131.765504,0.579168276804378,0.467,54.3495445346353,797.333333333333,0.000278684666516745,0.027480813270909,10.0221761048329
500,123.06776,0.608825708414773,0.56,54.3495445346353,797.333333333333,0.000278926663302228,0.0328625970482939,11.9591164552193
500,71.078972,0.847228866265724,0.672,54.3495445346353,797.333333333333,0.000279218100291198,0.0393043696344412,14.2664490990614
500,50.428188,0.996296641089425,0.806,54.3495445346353,797.333333333333,0.000279566783831572,0.0469551387405192,16.9911023880038
500,92.669584,0.732032790887691,0.968,54.3495445346353,797.333333333333,0.000279988326619189,0.0561232648570453,20.233643577412
500,57.561864,0.938835155280505,1.161,54.3495445346353,797.333333333333,0.000280490535001966,0.0669307302483495,24.0244958945144
500,45.230812,1.0435356199075,1.393,54.3495445346353,797.333333333333,0.000281094225907689,0.079758432760318,28.4797555584652
500,34.348228,1.16306566729772,1.672,54.3495445346353,797.333333333333,0.00028182021626414,0.0949515058543466,33.6944587231955
500,46.937068,1.02745404713461,2.007,54.3495445346353,797.333333333333,0.000282691925115075,0.112863043036502,39.7557490454969
500,34.04998,1.1668531431795,2.408,54.3495445346353,797.333333333333,0.000283735373620225,0.133837910000059,46.7347575293795
500,29.66296,1.2267555182126,2.889,54.3495445346353,797.333333333333,0.00028498699140321,0.158344134400316,54.7263287144471
500,23.225196,1.33301061659567,3.467,54.3495445346353,797.333333333333,0.000286491014435571,0.186876931068304,63.8105973220366
500,20.204568,1.3935204352402,4.161,54.3495445346353,797.333333333333,0.000288296882920792,0.219860997603469,74.0169588501029
