"Influent (NTU)","Effluent (NTU)","pC*","Dose (mg/L)","G (Hz)","theta (s)","phi","Gamma","Composite Parameter"
50,41.476124,0.0811718401306821,0,54.3495445346353,1200,2.77469478357381e-05,0,0
50,16.474156,0.482166830170544,0.231,54.3495445346353,1200,2.83480366254877e-05,0.0267466587473449,3.20020791733509
50,14.059272,0.551007171174856,0.277,54.3495445346353,1200,2.8467733960243e-05,0.0319868031472117,3.82775910284186
50,10.809756,0.665154113255006,0.332,54.3495445346353,1200,2.86108503387548e-05,0.0382151723461664,4.57388097956447
50,9.304644,0.730270242859907,0.399,54.3495445346353,1200,2.87851921089419e-05,0.0457483402853909,5.4766174863097
50,7.651564,0.815219789163305,0.479,54.3495445346353,1200,2.89933613867773e-05,0.0546659201299332,6.54566425173874
50,6.008888,0.920175895086515,0.574,54.3495445346353,1200,2.92405624042068e-05,0.0651473707833197,7.80271518166201
50,5.13264,0.988629200136889,0.689,54.3495445346353,1200,2.95398057410951e-05,0.077680075686229,9.30645365563417
50,3.902656,1.10760973229789,0.827,54.3495445346353,1200,2.98988977453611e-05,0.0924977413242457,11.0851981954249
50,3.237956,1.18869906142794,0.992,54.3495445346353,1200,3.03282468808965e-05,0.109902368115413,13.1754861220819
50,2.113168,1.3740359788537,1.191,54.3495445346353,1200,3.0846067959512e-05,0.130449933496112,15.6443668420326
